Id;Start time;Completion time;ID;Wie würdest du deinen ersten Eindruck von der App beschreiben?.;Die App wirkte professionell und durchdacht gestaltet..;Visuelle Konsistenz & Design.Die Farbgestaltung wirkte über die gesamte App hinweg konsistent.;Visuelle Konsistenz & Design.Schriftart und Textgestaltung waren gut lesbar und einheitlich;Visuelle Konsistenz & Design.Der Kontrast zwischen Text und Hintergrund war angenehm und gut lesbar.;Visuelle Konsistenz & Design.Buttons und interaktive Elemente waren klar erkennbar und einheitlich gestaltet.;Visuelle Konsistenz & Design.Die Seitenstruktur/Abstände wirkten aufgeräumt und nicht überladen.;Usability & Navigation.Die App war einfach und intuitiv zu bedienen.;Usability & Navigation.Ich wusste zu jedem Zeitpunkt, wo ich mich in der App befinde.;Funktionalität & Antwortqualität.Die Antworten des Chatbots waren relevant zu meinen Fragen.;Funktionalität & Antwortqualität.Die Antworten wirkten korrekt und vertrauenswürdig.;Funktionalität & Antwortqualität.Die App ging bei der Grenzfall-Frage (außerhalb des Wissensbereichs) angemessen damit um (z. B. klare Rückmeldung statt Falschinformation).;Was hat dir an dieser App am besten gefallen?;Was hat dich gestört oder wirkte unfertig/inkonsistent?;Sonstige Anmerkungen:;Gesamtbewertung.Wie zufrieden warst du insgesamt mit dieser App?
1;21.07.2026 09:28;21.07.2026 09:32;MR;neutral;stimme zu;stimme zu;stimme voll zu;stimme voll zu;stimme voll zu;stimme voll zu;weder noch;stimme zu;weder noch;stimme zu;stimme zu;Für den klaren Anwendungsfall Dokumente zu vergleichen war es leicht mit dem Short Cut Button im Text.;Mir war nicht klar, was ein Workspace ist und wofür er nützlich ist.;;zufrieden
2;22.07.2026 10:55;22.07.2026 11:02;MK;neutral;stimme nicht zu;stimme zu;stimme voll zu;stimme voll zu;stimme nicht zu;stimme zu;stimme nicht zu;weder noch;stimme zu;stimme voll zu;stimme voll zu;Chatfenster wirkt aufgeräumt und erinnert stark an eine mobile Chatapp. Die Chats werden an Hand der gestellten Frage benannt;Die Navigation im Header war verwirrend, Warum muss ich einen neuen Workspace anlegen? (ungewohnt, bei Chatbots), Sobald die Antwort gegeben wurde muss man erst nach oben scrollen um den Anfang lesen zu können;Keine;neutral
3;23.07.2026 11:01;23.07.2026 11:06;AS;neutral;stimme gar nicht zu;stimme zu;stimme voll zu;stimme voll zu;stimme voll zu;stimme voll zu;weder noch;stimme zu;weder noch;stimme voll zu;stimme voll zu;Die Geschwindigkeit der Antworten;Das Design;;neutral
4;23.07.2026 15:54;23.07.2026 15:57;HO;positiv;stimme zu;stimme zu;stimme voll zu;stimme voll zu;stimme zu;stimme voll zu;stimme zu;stimme voll zu;stimme voll zu;stimme zu;stimme voll zu;"drag and drop,
schnelle Bedienung
nur relevante Funktionen";"man musste noch ""process"" drücken, das ist glaube ich am anfang nicht selbsterklärend, wird aber nach dem ersten versuch zu chatten klar";;zufrieden
5;24.07.2026 07:07;24.07.2026 07:07;JA;negativ;weder noch;weder noch;stimme voll zu;stimme voll zu;weder noch;stimme voll zu;stimme zu;stimme voll zu;stimme voll zu;stimme voll zu;stimme voll zu;"Der Emoji im Header!!!
(Workspacetrennung  sowie Prägnanz der Antworten)";Das Design sowie die unituitive Processing-Logik für Dokumente;SlopSlopSlopSlopSlopSlopSlopSlopSlopSlopSlopSlopSlopSlopSlopSlopSlopSlopSlopSlopSlopSlopSlopSlopSlopSlopSlopSlopSlopSlopSlopSlopSlopSlopSlopSlopSlopSlopSlopSlopSlopSlopSlopSlopSlopSlopSlopSlopSlopSlopSlopSlopSlopSlopSlopSlopSlopSlopSlopSlopSlopSlopSlopSlopSlopSlopSlopSlopSlopSlopSlopSlopSlopSlopSlopSlopSlopSlopSlopSlopSlopSlopSlopSlopSlopSlopSlopSlopSlopSlopSlopSlopSlopSlopSlopSlopSlopSlop;neutral
6;24.07.2026 13:28;24.07.2026 13:31;TA;positiv;stimme zu;stimme voll zu;stimme voll zu;stimme voll zu;stimme voll zu;weder noch;stimme voll zu;stimme zu;stimme voll zu;stimme zu;stimme voll zu;Einfach und übersichtlich, funktioniert problemlos;Viel ungenutzte Fläche auf dem Bildschirm, Verweise sind keine Links, vorhandener Workspace könnte direkt im Chat starten;;zufrieden
7;24.07.2026 14:55;24.07.2026 15:06;MT;negativ;stimme nicht zu;stimme zu;stimme voll zu;stimme voll zu;weder noch;stimme zu;stimme nicht zu;weder noch;stimme zu;weder noch;stimme zu;Direkte Möglichkeit, ein oder mehrere Dokumente zusammenzufassen;"zu kompliziert, Aufteilung  in Workspaces/Threads unklar/unnötig. Dateien müssen erst explizit ""processed"" werden, bevor sie verwendet werden können";;unzufrieden
